{
    "learning_rate": 0.00019259951589198408,
    "n_steps": 2344,
    "batch_size": 256,
    "n_epochs": 13,
    "gamma": 0.9062356796893496,
    "gae_lambda": 0.9667929774299604,
    "clip_range": 0.3097193283573446,
    "ent_coef": 0.008532729316532284,
    "vf_coef": 0.5102921215383585
}