{
    "learning_rate": 1.3111494433120813e-05,
    "buffer_size": 347340,
    "batch_size": 64,
    "gamma": 0.9949767200964675,
    "exploration_fraction": 0.41526501530142845,
    "exploration_final_eps": 0.057020067094472236,
    "target_update_interval": 8566,
    "learning_starts": 9926,
    "gradient_steps": 4
}