{
    "learning_rate": 3.7464543586513203e-05,
    "buffer_size": 266797,
    "batch_size": 64,
    "gamma": 0.9856096034132924,
    "exploration_fraction": 0.20105487068881633,
    "exploration_final_eps": 0.026409535945316122,
    "target_update_interval": 8211,
    "learning_starts": 7998,
    "gradient_steps": 3
}