{
    "learning_rate": 0.0007859582894713331,
    "n_steps": 1179,
    "batch_size": 64,
    "n_epochs": 20,
    "gamma": 0.9971113436517848,
    "gae_lambda": 0.99309821183301,
    "clip_range": 0.10202991002070547,
    "ent_coef": 0.06957405075807604,
    "vf_coef": 0.20525976370441468
}