{
    "learning_rate": 0.00021922354973315122,
    "buffer_size": 216884,
    "batch_size": 64,
    "gamma": 0.9101719260001964,
    "exploration_fraction": 0.4322409382060872,
    "exploration_final_eps": 0.06509170412412499,
    "target_update_interval": 2772,
    "learning_starts": 8205,
    "gradient_steps": 5
}