{
    "learning_rate": 0.00024752284675593866,
    "n_steps": 2826,
    "batch_size": 32,
    "n_epochs": 19,
    "gamma": 0.9900248528057427,
    "gae_lambda": 0.97558820592538,
    "clip_range": 0.35920862193251907,
    "ent_coef": 0.027528162093795307,
    "vf_coef": 0.18948194899601928
}