{
    "learning_rate": 0.00014358225390058088,
    "buffer_size": 488024,
    "batch_size": 128,
    "gamma": 0.9668150838505449,
    "exploration_fraction": 0.44375016573022785,
    "exploration_final_eps": 0.03894973396062529,
    "target_update_interval": 2742,
    "learning_starts": 2329,
    "gradient_steps": 3
}