{
    "learning_rate": 0.00021946142868005305,
    "buffer_size": 222973,
    "batch_size": 64,
    "gamma": 0.9020369075572755,
    "exploration_fraction": 0.427039424223577,
    "exploration_final_eps": 0.06759336380958397,
    "target_update_interval": 2608,
    "learning_starts": 8006,
    "gradient_steps": 5
}