{
    "learning_rate": 6.115650439981407e-05,
    "n_steps": 1811,
    "batch_size": 64,
    "n_epochs": 7,
    "gamma": 0.951403361913905,
    "gae_lambda": 0.9632139644336876,
    "clip_range": 0.3074699632884621,
    "ent_coef": 0.04503271930703032,
    "vf_coef": 0.5748788605279067
}