{
    "learning_rate": 0.0008465324297571756,
    "n_steps": 3429,
    "batch_size": 128,
    "n_epochs": 14,
    "gamma": 0.9136174043742548,
    "gae_lambda": 0.9701155337241503,
    "clip_range": 0.1001082768632196,
    "ent_coef": 0.052176247776233135,
    "vf_coef": 0.13071400722117207
}