{
    "learning_rate": 3.348556845727538e-05,
    "buffer_size": 181633,
    "batch_size": 32,
    "gamma": 0.9762225172761377,
    "exploration_fraction": 0.28250921117324124,
    "exploration_final_eps": 0.056174510839041805,
    "target_update_interval": 1530,
    "learning_starts": 5191,
    "gradient_steps": 7
}