{
    "learning_rate": 1.740885231755505e-05,
    "n_steps": 2075,
    "batch_size": 256,
    "n_epochs": 7,
    "gamma": 0.9174957314943553,
    "gae_lambda": 0.9204113308059916,
    "clip_range": 0.2298659254614931,
    "ent_coef": 0.02599773749659299,
    "vf_coef": 0.5241192146900286
}