{
    "learning_rate": 0.0009148905370036835,
    "n_steps": 4025,
    "batch_size": 128,
    "n_epochs": 16,
    "gamma": 0.9004763757945375,
    "gae_lambda": 0.984483069929718,
    "clip_range": 0.11802518780239793,
    "ent_coef": 0.08980093861227936,
    "vf_coef": 0.12768810042183337
}