{
    "learning_rate": 8.548605257104013e-05,
    "n_steps": 3432,
    "batch_size": 128,
    "n_epochs": 11,
    "gamma": 0.9323364945230084,
    "gae_lambda": 0.9789860160004495,
    "clip_range": 0.2788727248147878,
    "ent_coef": 0.028273932542749416,
    "vf_coef": 0.444616324407891
}