{
    "learning_rate": 0.0007285321900472278,
    "n_steps": 1316,
    "batch_size": 128,
    "n_epochs": 18,
    "gamma": 0.9245818249869051,
    "gae_lambda": 0.9770677375059441,
    "clip_range": 0.28156208753228,
    "ent_coef": 0.011280782468766204,
    "vf_coef": 0.2831773567114716
}