{
    "learning_rate": 0.00038936663267932585,
    "n_steps": 3558,
    "batch_size": 128,
    "n_epochs": 10,
    "gamma": 0.9738861256004682,
    "gae_lambda": 0.9338036738626102,
    "clip_range": 0.2590895558515518,
    "ent_coef": 0.039062748783170335,
    "vf_coef": 0.6749422677949783
}