{
    "learning_rate": 2.6367350094382134e-05,
    "n_steps": 3218,
    "batch_size": 256,
    "n_epochs": 14,
    "gamma": 0.9685853254747302,
    "gae_lambda": 0.9475717999508367,
    "clip_range": 0.388502085001325,
    "ent_coef": 0.09021461609843719,
    "vf_coef": 0.8657767641453076
}