{
    "learning_rate": 0.0004185789812160238,
    "buffer_size": 79461,
    "batch_size": 128,
    "gamma": 0.9052881690437964,
    "exploration_fraction": 0.1302213173772907,
    "exploration_final_eps": 0.04696062770145495,
    "target_update_interval": 8503,
    "learning_starts": 2782,
    "gradient_steps": 7
}