{
    "learning_rate": 0.000608011106495891,
    "buffer_size": 290090,
    "batch_size": 32,
    "gamma": 0.918478062475762,
    "exploration_fraction": 0.44920484949544814,
    "exploration_final_eps": 0.022157005057269787,
    "target_update_interval": 4390,
    "learning_starts": 4106,
    "gradient_steps": 4
}