{
    "learning_rate": 0.0009454387509033747,
    "n_steps": 4047,
    "batch_size": 128,
    "n_epochs": 18,
    "gamma": 0.954331378691829,
    "gae_lambda": 0.9961690447598704,
    "clip_range": 0.1946853193024009,
    "ent_coef": 0.06468837318616392,
    "vf_coef": 0.10790898074023254
}