{
    "learning_rate": 0.0004720092549222475,
    "n_steps": 2898,
    "batch_size": 32,
    "n_epochs": 10,
    "gamma": 0.9226590470215944,
    "gae_lambda": 0.9506100757061855,
    "clip_range": 0.20515801825954444,
    "ent_coef": 0.012964491827568604,
    "vf_coef": 0.6297979005964547
}