{
    "learning_rate": 0.00036151318759649226,
    "n_steps": 2835,
    "batch_size": 128,
    "n_epochs": 8,
    "gamma": 0.9727891485274701,
    "gae_lambda": 0.9126797332648054,
    "clip_range": 0.16190854019319867,
    "ent_coef": 0.04127885430656189,
    "vf_coef": 0.33059025301980216
}