{
    "learning_rate": 0.00018034064240152143,
    "n_steps": 2456,
    "batch_size": 128,
    "n_epochs": 17,
    "gamma": 0.9548605942721372,
    "gae_lambda": 0.9821988598036752,
    "clip_range": 0.20455408248682658,
    "ent_coef": 0.07778524806564939,
    "vf_coef": 0.3755766847421108
}