{
    "learning_rate": 0.0004920537059333576,
    "n_steps": 1587,
    "batch_size": 128,
    "n_epochs": 15,
    "gamma": 0.9247859542666245,
    "gae_lambda": 0.9892538545733495,
    "clip_range": 0.14621723116713076,
    "ent_coef": 0.05333631290513523,
    "vf_coef": 0.2416115928980001
}