{
    "learning_rate": 0.0008342042805140674,
    "n_steps": 3911,
    "batch_size": 128,
    "n_epochs": 17,
    "gamma": 0.9616317495979757,
    "gae_lambda": 0.9326711675896937,
    "clip_range": 0.25801323164182216,
    "ent_coef": 0.06510564445398156,
    "vf_coef": 0.10389435837598798
}