{
    "learning_rate": 0.0001826910852582821,
    "n_steps": 1074,
    "batch_size": 32,
    "n_epochs": 20,
    "gamma": 0.9415483501066412,
    "gae_lambda": 0.9988129452484183,
    "clip_range": 0.1749430943925049,
    "ent_coef": 0.0632481391573319,
    "vf_coef": 0.2719674064954737
}