{
    "learning_rate": 0.0005735271008147186,
    "buffer_size": 318628,
    "batch_size": 64,
    "gamma": 0.9179848988819583,
    "exploration_fraction": 0.4677663737013979,
    "exploration_final_eps": 0.03768216715173856,
    "target_update_interval": 5835,
    "learning_starts": 6561,
    "gradient_steps": 5
}