{
    "learning_rate": 3.888390490016755e-05,
    "n_steps": 1707,
    "batch_size": 32,
    "n_epochs": 19,
    "gamma": 0.9655381469270194,
    "gae_lambda": 0.9803689538102982,
    "clip_range": 0.13337317713784125,
    "ent_coef": 0.07620865684148787,
    "vf_coef": 0.7566328671088985
}