{
    "learning_rate": 1.0026840430905082e-05,
    "buffer_size": 90846,
    "batch_size": 128,
    "gamma": 0.9575738827374684,
    "exploration_fraction": 0.36305727662794607,
    "exploration_final_eps": 0.08833841848372227,
    "target_update_interval": 3483,
    "learning_starts": 1167,
    "gradient_steps": 2
}