{
    "learning_rate": 5.643315929805638e-05,
    "n_steps": 1582,
    "batch_size": 128,
    "n_epochs": 11,
    "gamma": 0.9408229656100192,
    "gae_lambda": 0.9669484785967927,
    "clip_range": 0.3406587905546905,
    "ent_coef": 0.007882306516257076,
    "vf_coef": 0.614115439982827
}