{
    "learning_rate": 0.0001632817725356805,
    "buffer_size": 412637,
    "batch_size": 32,
    "gamma": 0.9409392255241102,
    "exploration_fraction": 0.22107165434888215,
    "exploration_final_eps": 0.039055489478027956,
    "target_update_interval": 9938,
    "learning_starts": 6530,
    "gradient_steps": 4
}